Seq,1Body,2Body,Score
DSYDDKFAREEG,-10.421,-3.8480000000000003,-14.269
DDYDDKFAREEG,-11.171,-3.8940000000000006,-15.065
DDYDDKFLREEG,-11.602,-3.6560000000000006,-15.258000000000001
DDYDDQFLREEG,-11.510000000000002,-3.6410000000000005,-15.151000000000002
DDYDQQFLREEG,-11.974000000000004,-3.6430000000000007,-15.617000000000004
QDYDQQFLREEG,-12.146,-3.6270000000000007,-15.773000000000001
QDYDQQFCREEG,-11.68,-3.4250000000000007,-15.105
QDYEQQFCREEG,-13.336000000000002,-3.3000000000000007,-16.636000000000003
QDYEQQFLREEG,-13.802000000000003,-3.5010000000000012,-17.303000000000004
QDYEQQFLRETG,-12.128,-3.942,-16.07
QDYEQQFTRETG,-12.05,-3.786999999999999,-15.837
QDYEQQFTRETD,-11.685,-3.757999999999999,-15.443
QDYEQQFLRETD,-11.763000000000002,-3.9099999999999993,-15.673000000000002
QDYEQIFLRETG,-12.120999999999999,-3.616999999999999,-15.737999999999998
QDYEVQFLRETG,-11.928,-4.105,-16.033
QDYEVQFLREAG,-11.641000000000002,-4.223,-15.864
QDYEVQFLQEAG,-11.203000000000003,-4.185,-15.388000000000002
QDYEQQFLQEAG,-11.403000000000002,-4.029000000000001,-15.432000000000002
QDYEQEFLQEAG,-10.876000000000001,-4.139,-15.015
QDYEQQFLVEAG,-10.983,-3.391,-14.374
QDYEQIFLVEAG,-10.975999999999999,-3.0749999999999993,-14.050999999999998
QDYEQQDLVEAG,-11.249000000000002,-3.226,-14.475000000000001
QDYEHQDLVEAG,-10.868000000000002,-3.0170000000000012,-13.885000000000003
NDYEHQDLVEAG,-10.783000000000001,47.064999999999976,36.281999999999975
QDYEGQDLVEAG,-10.590000000000003,-3.2699999999999996,-13.860000000000003
QDYEGQDLQEAG,-11.010000000000002,-3.9149999999999996,-14.925
QDYEGQALQEAG,-10.760000000000002,-3.913,-14.673000000000002
QDYEQQALQEAG,-11.419,-3.861,-15.280000000000001
QDYDQQALQEAG,-9.763000000000002,-3.950999999999999,-13.714
QDYENQALQEAG,-11.695,-4.018,-15.713000000000001
QDYENQALQTAG,-11.843000000000004,-4.252,-16.095000000000002
