Seq,1Body,2Body,Score
GWVWMRRWMMMR,-56.648999999999994,-27.379,-84.02799999999999
GWMWMRRWMMMR,-59.43999999999999,-22.051000000000002,-81.49099999999999
RMMWMRRRMKMR,-57.614999999999995,-19.591,-77.20599999999999
RMMWMRKRMKMR,-56.931999999999995,-16.208000000000006,-73.14
RMMWMRKRMIMR,-57.494,-15.234000000000005,-72.72800000000001
RMMWMRKMMKMR,-57.062999999999995,-15.506000000000007,-72.569
RMMWMRKWMKMR,-56.07099999999999,-16.349000000000004,-72.41999999999999
RRMWMRKRMKMR,-57.349,-14.886000000000006,-72.235
NMMWMRKRMKMR,-56.913999999999994,-14.567000000000007,-71.481
RMMWMRKFMKMR,-55.46499999999999,-15.937000000000005,-71.40199999999999
RMMWFRKRMKMR,-56.949999999999996,-14.446000000000005,-71.396
RMMWFRKRMIMR,-57.512,-13.474000000000004,-70.986
RLMWMRKRMKMR,-55.903999999999996,-15.074000000000009,-70.97800000000001
TMMWMRKRMKMR,-56.373999999999995,-14.403000000000006,-70.777
RMMWFRKWMKMR,-56.08899999999999,-14.597000000000005,-70.68599999999999
RRMWFRKRMKMR,-57.367,-13.124000000000006,-70.491
NMMWFRKRMKMR,-56.931999999999995,-12.804000000000006,-69.736
RMMWFRKFMKMR,-55.48299999999999,-14.182000000000006,-69.66499999999999
RLMWFRKRMKMR,-55.922,-13.309000000000005,-69.231
TMMWFRKRMKMR,-56.391999999999996,-12.643000000000004,-69.035
RMMVMRKRMKMR,-50.208999999999996,-13.188000000000002,-63.397
GWMWMRRRMMMR,-60.300999999999995,33.836000000000006,-26.46499999999999
GWMWMRKRMMMR,-59.617999999999995,37.218,-22.39999999999999
HMMWMRKRMKMR,-57.80499999999999,36.10300000000001,-21.701999999999984
RMMWFRRRMKMR,-57.632999999999996,35.941,-21.691999999999993
RRMWMRKRMMMR,-57.379,36.03,-21.348999999999997
RRMWFRKRMMMR,-57.397,37.79200000000001,-19.60499999999999
RWMWMRKRMMMR,-59.93899999999999,87.17700000000002,27.238000000000028
RWMWFRKRMMMR,-59.956999999999994,88.87600000000002,28.919000000000025
