Seq,1Body,2Body,Score
MDWEIRHISLSH,-19.072,176.414,157.34199999999998
MDWEIRHNSLSH,-27.08,170.697,143.61700000000002
MDWEIRHNSKSH,-26.837,159.17700000000002,132.34000000000003
MDWEWRHNSKSH,-27.186999999999998,157.688,130.50099999999998
RDWEWRHNSKSH,-28.033,157.776,129.743
RDCEWRHNSKSH,-27.942,108.45499999999998,80.51299999999998
RDCEWRHNTKSH,-28.273,108.38899999999998,80.11599999999999
RDCGWRHNTKSH,-24.569,48.922000000000004,24.353000000000005
RDCGWRHNTKMH,-29.308999999999997,45.575,16.266000000000005
RDCGWRHNTKMR,-29.18,-3.811000000000001,-32.991
RDCGWRHNTKMA,-24.959999999999997,-5.105,-30.064999999999998
RMCGWRHNTKMR,-29.339,-3.6740000000000013,-33.013
RMCGWRHGTKMR,-25.150999999999996,-3.9459999999999997,-29.096999999999994
YMCGWRHNTKMR,-28.366999999999997,-3.878,-32.245
MMCGWRHNTKMR,-28.492999999999995,-3.687000000000001,-32.17999999999999
RMCDWRHNTKMR,-29.991,-0.5020000000000002,-30.493
RMCGWRHNAKMR,-28.982,-3.8610000000000007,-32.843
RMCGWRHNTKMG,-24.587999999999997,-5.106000000000001,-29.694
MMCDWRHNTKMR,-29.144999999999996,-0.5170000000000003,-29.661999999999995
GMCGWRHNTKMR,-28.551000000000002,-3.787000000000001,-32.338
NMCGWRHNTKMR,-28.631,-3.814000000000001,-32.445
RMCGWRGNTKMR,-23.601,-3.6270000000000007,-27.228
MMCGWRGNTKMR,-22.754999999999995,-3.6430000000000007,-26.397999999999996
RMCGWRGNAKMR,-23.244,-3.8130000000000015,-27.057000000000002
RGCGWRGNTKMR,-23.356,-3.785000000000002,-27.141000000000005
RGCGWRGGTKMR,-19.168,-4.115,-23.283
RGCGWRGNAKMR,-22.999000000000002,-3.969000000000001,-26.968000000000004
RGCGWRGNQKMR,-25.921999999999997,29.685999999999996,3.7639999999999993
MGCGWRGNTKMR,-22.509999999999998,-3.9250000000000016,-26.435
RGCGWRWNTKMR,-30.409,-3.062999999999999,-33.471999999999994
RGCGWRENTKMR,-28.406999999999996,-3.801,-32.208
RGCGWRENTKMA,-24.186999999999998,-5.099,-29.285999999999998
RGCDWRENTKMR,-29.058999999999997,-0.6000000000000001,-29.659
RGCGWRENTKQR,-25.723,-0.44299999999999917,-26.165999999999997
RWCGWRENTKMR,-29.241,-3.4310000000000005,-32.672
RWCGWRENTKMA,-25.020999999999997,-4.6530000000000005,-29.674
RWCGWRENTAMR,-29.001999999999995,-5.174999999999999,-34.17699999999999
RWCTWRENTKMR,-29.864999999999995,54.74899999999999,24.883999999999993
RWCGWRENAKMR,-28.884,-3.622,-32.506
