Seq,1Body,2Body,Score
WLRWMRFNWRWI,-50.87299999999999,-13.362999999999998,-64.23599999999999
WLRMMRFNWRWI,-50.637,-13.281999999999998,-63.919
WLRRMRFNWRWI,-50.655,-13.01,-63.665
WLRWMRHNWRWI,-50.70099999999999,-11.743,-62.443999999999996
FRWLGRFHWHWI,-45.941,-16.238,-62.179
WLWMMRFNWRWI,-50.10799999999999,-11.224,-61.331999999999994
WLRWMRRNWRWI,-51.414,-8.924999999999999,-60.339
WLRWMRQNWRWI,-50.851,-9.354,-60.205
WLRWMRMNWRWI,-50.51299999999999,-9.37,-59.88299999999999
WLRWMRINWRWI,-50.626999999999995,-9.219999999999999,-59.846999999999994
WLRWMRFNMRWI,-50.726,-8.779,-59.504999999999995
WLRWMRHNMRWI,-50.554,-7.146000000000001,-57.7
WLRWMRFNWGWI,-45.38199999999999,-10.336999999999998,-55.71899999999999
WLRWMRFNWKWI,-49.86099999999999,3.517999999999999,-46.34299999999999
WLWWMRFNWRWI,-50.343999999999994,36.58899999999998,-13.755000000000017
WLWRMRFNWRWI,-50.12599999999999,36.82699999999999,-13.299
WLWWMRHNWRWI,-50.172,38.203999999999986,-11.96800000000001
WLWWMRRNWRWI,-50.88499999999999,40.791999999999966,-10.093000000000025
WLWWMRQNWRWI,-50.322,40.583999999999975,-9.738000000000028
WLWWMRMNWRWI,-49.983999999999995,40.496999999999986,-9.487000000000009
WLWWMRFNWKWI,-49.331999999999994,53.47099999999998,4.138999999999989
WLRWMWFNWRWI,-61.791,85.62900000000002,23.838000000000022
WRWLMRFHWHWI,-50.961,85.38999999999997,34.428999999999974
FRWLMRFHWHWI,-49.863,84.51599999999998,34.65299999999998
WLWWMRFHWRWI,-52.694,87.56799999999997,34.87399999999997
WRWLMRHHWHWI,-50.789,86.95999999999997,36.170999999999964
WLWWMRFHWHWI,-50.989000000000004,94.08999999999996,43.10099999999996
WLWWMWFNWRWI,-61.262,136.791,75.529
WRWWMRFHWHWI,-52.125,141.91800000000003,89.79300000000003
