Seq,1Body,2Body,Score
HNWDRRRRRRRM,-27.09,-8.128999999999998,-35.218999999999994
WNWDRRRRRRRM,-27.645,-2.52,-30.165
WNWDRRRRRRRY,-24.6,5.044999999999999,-19.555000000000003
WNWVRRRRRRRY,-24.821,7.925000000000002,-16.896
WNWVRNRRRRRY,-24.561000000000003,7.950000000000002,-16.611
WNRVRNRRRRRY,-22.968,1.9039999999999992,-21.064
WNRVRNRRRNRY,-22.55,-2.051,-24.601
WNRVRNRRRNFY,-21.705000000000002,-2.3360000000000003,-24.041000000000004
WNRVRERRRNFY,-20.863000000000003,-2.4559999999999995,-23.319000000000003
WNRCRNRRRNFY,-21.282999999999998,-2.0700000000000003,-23.352999999999998
WNRVRNGRRNFY,-20.363000000000003,-2.716,-23.079000000000004
WNRVGNRRRNFY,-20.562,-2.466,-23.028000000000002
WNRVRNRRRNWY,-23.659,-2.8040000000000003,-26.463
WNRVRNRCRNFY,-20.465999999999998,-2.481,-22.946999999999996
WNRVRNRRRNFC,-20.830000000000002,-2.279,-23.109
WNKVRNRRRNFY,-19.858,-2.481,-22.339
WNRVRNRRRNQY,-19.624,-2.024,-21.648
WKRVRNRRRNFY,-20.354000000000003,-2.763,-23.117000000000004
WNEVRNRRRNFY,-19.326000000000004,-2.4749999999999996,-21.801000000000002
WLRVRNRRRNFY,-20.569,-2.4909999999999997,-23.06
WNRVRNRRRNWA,-22.075,-1.6050000000000002,-23.68
WNRVRNRRRNTY,-18.486,-1.5459999999999998,-20.032
LNRVRNRRRNFY,-19.082000000000004,-2.9399999999999995,-22.022000000000006
WNRVRNRRRNFR,-26.068,2.4240000000000004,-23.644000000000002
WNRVRNRRRNHY,-21.482,-1.8119999999999998,-23.294
WNRVRNRRRNGY,-16.453,-2.164,-18.617
WNRVINRRRNFY,-20.628000000000004,-2.404,-23.032000000000004
WNRGRNRRRNFY,-21.251,-2.2219999999999995,-23.473
WNRVRNTRRNFY,-20.676,-2.566,-23.241999999999997
WNRVRNRARNFY,-20.492,-2.4779999999999998,-22.97
WNRVRNRRRNFA,-20.121000000000002,-2.35,-22.471000000000004
WNIVRNRRRNFY,-20.388,-2.16,-22.548000000000002
GNRVRNRRRNFY,-17.485,-3.2719999999999994,-20.756999999999998
WDRVRNRRRNFY,-20.02,-1.4769999999999999,-21.497
WNRVRNRRRNEY,-19.977999999999998,-2.0709999999999997,-22.049
FNRVRNRRRNFY,-21.502,-2.3680000000000003,-23.869999999999997
WNRHRNRRRNFY,-21.868,-2.1100000000000003,-23.977999999999998
WNRVRNRRRNFD,-19.282,-2.376,-21.658
WNGVRNRRRNFY,-15.83,-2.9059999999999997,-18.736
WNRVRNRRRQFY,-21.257,-1.9490000000000003,-23.206000000000003
WNRVRLRRRNFY,-21.044,-2.5439999999999996,-23.588
WNSVRNRRRNFY,-16.625,-2.641,-19.266
WNRVRMRRRNFY,-20.811000000000003,-1.5499999999999998,-22.361000000000004
